agents/archive-mechanic.md	en/agents/archive-mechanic.md
agents/archive-transcriber.md	en/agents/archive-transcriber.md
catalog/README.md	en/catalog/README.md
catalog/базы-с-индексами.md	en/catalog/indexed-databases.md
catalog/днк-сервисы.md	en/catalog/dna-services.md
catalog/европа-по-странам.md	en/catalog/europe-by-country.md
catalog/зарубежные-и-университетские-архивы.md	en/catalog/foreign-and-university-archives.md
catalog/кладбища.md	en/catalog/cemeteries.md
catalog/пресса.md	en/catalog/press.md
catalog/русскоязычные-ресурсы.md	en/catalog/russian-language-resources.md
catalog/сканы-архивных-дел.md	en/catalog/archive-file-scans.md
catalog/справочники-и-книги.md	en/catalog/directories-and-books.md
catalog/сша-и-эмиграция.md	en/catalog/usa-and-emigration.md
catalog/форумы-и-сообщества.md	en/catalog/forums-and-communities.md
examples/примеры-находок.md	en/examples/example-finds.md
examples/разбор-поиска-от-газеты-до-семьи.md	en/examples/case-study-newspaper-to-family.md
guide/0-старт/01-быстрый-старт.md	en/guide/0-start/01-quick-start.md
guide/0-старт/02-с-чего-начать.md	en/guide/0-start/02-where-to-start.md
guide/0-старт/03-беседы-с-родственниками.md	en/guide/0-start/03-talking-to-relatives.md
guide/0-старт/04-план-хронология-место.md	en/guide/0-start/04-plan-timeline-place.md
guide/1-поиск-с-ии/01-маршрут-поиска.md	en/guide/1-ai-search/01-search-route.md
guide/1-поиск-с-ии/02-запросы-к-ии.md	en/guide/1-ai-search/02-prompt-library.md
guide/1-поиск-с-ии/03-процесс-с-агентами.md	en/guide/1-ai-search/03-working-with-agents.md
guide/1-поиск-с-ии/04-проверка-результата.md	en/guide/1-ai-search/04-checking-results.md
guide/1-поиск-с-ии/05-инструменты-ии.md	en/guide/1-ai-search/05-ai-tools.md
guide/1-поиск-с-ии/06-навыки.md	en/guide/1-ai-search/06-skills.md
guide/1-поиск-с-ии/07-сценарии.md	en/guide/1-ai-search/07-scenarios.md
guide/2-справочник/01-документы-ри-и-ссср.md	en/guide/2-reference/01-records-empire-ussr.md
guide/2-справочник/02-еврейская-генеалогия.md	en/guide/2-reference/02-jewish-genealogy.md
guide/2-справочник/03-имена-фамилии-написания.md	en/guide/2-reference/03-names-spellings.md
guide/2-справочник/04-особые-группы-и-смена-имён.md	en/guide/2-reference/04-special-groups-name-changes.md
guide/2-справочник/05-почерки-транслитерация-даты.md	en/guide/2-reference/05-handwriting-transliteration-dates.md
guide/2-справочник/06-места-и-карты.md	en/guide/2-reference/06-places-maps.md
guide/2-справочник/07-архивы-по-странам.md	en/guide/2-reference/07-archives-by-country.md
guide/2-справочник/08-фамильные-указатели.md	en/guide/2-reference/08-surname-indexes.md
guide/2-справочник/09-собрать-семью-целиком.md	en/guide/2-reference/09-whole-family.md
guide/2-справочник/10-кладбища.md	en/guide/2-reference/10-cemeteries.md
guide/2-справочник/11-погромы-1918-1922.md	en/guide/2-reference/11-pogroms-1918-1922.md
guide/2-справочник/12-война-репрессии-блокада.md	en/guide/2-reference/12-war-repression-siege.md
guide/2-справочник/13-эмиграция.md	en/guide/2-reference/13-emigration.md
guide/2-справочник/14-гражданство-по-происхождению.md	en/guide/2-reference/14-citizenship-by-descent.md
guide/2-справочник/15-днк.md	en/guide/2-reference/15-dna.md
guide/2-справочник/16-платформы-для-дерева.md	en/guide/2-reference/16-tree-platforms.md
guide/2-справочник/17-фотографии.md	en/guide/2-reference/17-photographs.md
guide/2-справочник/18-сообщества-и-исследователи.md	en/guide/2-reference/18-communities-researchers.md
guide/2-справочник/19-доступ-капчи-темп.md	en/guide/2-reference/19-access-captchas-pace.md
guide/2-справочник/20-запросы-и-письма.md	en/guide/2-reference/20-requests-letters.md
guide/3-результат/01-как-вести-файлы.md	en/guide/3-results/01-keeping-files.md
guide/3-результат/02-доказательность.md	en/guide/3-results/02-standard-of-proof.md
guide/3-результат/03-история-семьи.md	en/guide/3-results/03-family-history.md
guide/3-результат/04-этика-и-сохранение.md	en/guide/3-results/04-ethics-preservation.md
guide/3-результат/05-ошибки-новичков.md	en/guide/3-results/05-beginner-mistakes.md
reading/генеалоги-и-авторы.md	en/reading/genealogists-and-authors.md
reading/группы-и-сообщества.md	en/reading/groups-and-communities.md
reading/ии-в-генеалогии.md	en/reading/ai-in-genealogy.md
reading/институты-и-проекты.md	en/reading/institutes-and-projects.md
reading/словари-и-энциклопедии.md	en/reading/dictionaries-and-encyclopedias.md
templates/гипотеза.md	en/templates/hypothesis.md
templates/журнал-поисков.md	en/templates/research-log.md
templates/находка.md	en/templates/finding.md
templates/письмо-в-архив.md	en/templates/letter-to-archive.md
templates/путеводитель-по-месту.md	en/templates/place-guide.md
templates/реестр-источников.md	en/templates/source-register.md
templates/хронология.md	en/templates/timeline.md
README.md	en/README.md
AGENTS.md	en/AGENTS.md
llms.txt	en/llms.txt
